[
  "100000",
  "24 Paraganas North",
  "24 Paraganas South",
  "5th cross",
  "ANGUL",
  "ANUGUL",
  "Adilabad",
  "Agar Malwa",
  "Agra",
  "Ahilyanagar",
  "Ahmadabad",
  "Ahmadnagar",
  "Ahmed Nagar",
  "Ahmedabad",
  "Ahmednagar",
  "Aizawl",
  "Ajmer",
  "Akola",
  "Alappuzha",
  "Aligarh",
  "Alipurduar",
  "Alirajpur",
  "Allahabad",
  "Alluri Sitharama Raju",
  "Almora",
  "Alwar",
  "Ambala",
  "Ambedkar Nagar",
  "Amethi",
  "Amravati",
  "Amreli",
  "Amritsar",
  "Amroha",
  "Anakapalli",
  "Anand",
  "Anantapur",
  "Ananthapur",
  "Ananthapuramu",
  "Anantnag",
  "Andamans",
  "Angul",
  "Anjaw",
  "Annamayya",
  "Anugul",
  "Anuppur",
  "Araria",
  "Ariyalur",
  "Arvalli",
  "Arwal",
  "Ashok Nagar",
  "Ashoknagar",
  "Auraiya",
  "Aurangabad",
  "Aurangabad(BH)",
  "Aurangabad(bh)",
  "Ayodhya",
  "Azamgarh",
  "BALANGIR",
  "Badgam",
  "Bagalkot",
  "Bagalkot *",
  "Bageshwar",
  "Baghpat",
  "Baghpat *",
  "Bagpat",
  "Bahraich",
  "Bajali",
  "Baksa",
  "Balaghat",
  "Balangir",
  "Baleshwar",
  "Baleswar",
  "Balianta",
  "Ballari",
  "Ballia",
  "Bally Jagachha",
  "Balod",
  "Baloda Bazar",
  "Balotra",
  "Balrampur",
  "Banas Kantha",
  "Banaskantha",
  "Banda",
  "Bandipore",
  "Bandipur",
  "Bangalore",
  "Bangalore Rural",
  "Banka",
  "Bankura",
  "Banswara",
  "Bapatla",
  "Bara Banki",
  "Barabanki",
  "Baramula",
  "Baran",
  "Barddhaman",
  "Bardez",
  "Bardhaman",
  "Bareilly",
  "Bargarh",
  "Barmer",
  "Barnala",
  "Barpeta",
  "Barwani",
  "Bastar",
  "Basti",
  "Bathinda",
  "Baudh",
  "Beawar",
  "Beed",
  "Begusarai",
  "Belagavi",
  "Belgaum",
  "Bellary",
  "Bemetara",
  "Bengaluru",
  "Bengaluru Rural",
  "Bengaluru South",
  "Bengaluru Urban",
  "Betul",
  "Bhabua",
  "Bhadohi",
  "Bhadradri Kothagudem",
  "Bhadrak",
  "Bhagalpur",
  "Bhandara",
  "Bharatpur",
  "Bharuch",
  "Bhavnagar",
  "Bhilwara",
  "Bhind",
  "Bhiwani",
  "Bhojpur",
  "Bhopal",
  "Bid",
  "Bidar",
  "Bijapur",
  "Bijapur(KAR)",
  "Bijnor",
  "Bikaner",
  "Bilaspur",
  "Birbhum",
  "Bishnupur",
  "Biswanath",
  "Bokaro",
  "Bokaro *",
  "Bongaigaon",
  "Botad",
  "Boudh",
  "Budaun",
  "Budgam",
  "Bulandshahar",
  "Bulandshahr",
  "Buldana",
  "Buldhana",
  "Bundi",
  "Burdwan",
  "Burhanpur",
  "Buxar",
  "Cachar",
  "Central Delhi",
  "Chamarajanagar",
  "Chamarajanagar *",
  "Chamba",
  "Chamoli",
  "Champawat",
  "Champhai",
  "Chamrajanagar",
  "Chamrajnagar",
  "Chandauli",
  "Chandel",
  "Chandigarh",
  "Chandrapur",
  "Changlang",
  "Charaideo",
  "Charkhi Dadri",
  "Chatra",
  "Chatrapati Sambhaji Nagar",
  "Chengalpattu",
  "Chennai",
  "Chhatarpur",
  "Chhatrapati Sambhajinagar",
  "Chhindwara",
  "Chhotaudepur",
  "Chickmagalur",
  "Chikkaballapur",
  "Chikkamagaluru",
  "Chikmagalur",
  "Chirang",
  "Chitradurga",
  "Chitrakoot",
  "Chittaurgarh",
  "Chittoor",
  "Chittorgarh",
  "Chumukedima",
  "Churachandpur",
  "Churu",
  "Coimbatore",
  "Cooch Behar",
  "Coochbehar",
  "Cuddalore",
  "Cuddapah",
  "Cuttack",
  "Dadra & Nagar Haveli",
  "Dadra And Nagar Haveli",
  "Dadra and Nagar Haveli",
  "Dahod",
  "Dakshin Bastar Dantewada",
  "Dakshin Dinajpur",
  "Dakshina Kannada",
  "Daman",
  "Damoh",
  "Dang",
  "Dantewada",
  "Darbhanga",
  "Darjeeling",
  "Darjiling",
  "Darrang",
  "Datia",
  "Dausa",
  "Davanagere",
  "Davangere",
  "Debagarh",
  "Deeg",
  "Deeg ",
  "Dehradun",
  "Deoghar",
  "Deoria",
  "Devbhumi Dwarka",
  "Dewas",
  "Dhalai",
  "Dhalai  *",
  "Dhamtari",
  "Dhanbad",
  "Dhar",
  "Dharashiv",
  "Dharmapuri",
  "Dharwad",
  "Dhaulpur",
  "Dhemaji",
  "Dhenkanal",
  "Dholpur",
  "Dhubri",
  "Dhule",
  "Dibang Valley",
  "Dibrugarh",
  "Didwana-Kuchaman",
  "Dima Hasao",
  "Dimapur",
  "Dinajpur Dakshin",
  "Dinajpur Uttar",
  "Dindigul",
  "Dindori",
  "Dist : Thane",
  "Diu",
  "Doda",
  "Dohad",
  "Domjur",
  "Dr. B. R. Ambedkar Konaseema",
  "Dumka",
  "Dungarpur",
  "Durg",
  "East",
  "East Champaran",
  "East Delhi",
  "East Garo Hills",
  "East Godavari",
  "East Jaintia Hills",
  "East Kameng",
  "East Khasi Hills",
  "East Midnapore",
  "East Midnapur",
  "East Nimar",
  "East Siang",
  "East Sikkim",
  "East Singhbhum",
  "East Singhbum",
  "East midnapore",
  "Eastern West Khasi Hills",
  "Eluru",
  "Ernakulam",
  "Erode",
  "Etah",
  "Etawah",
  "Faizabad",
  "Faridabad",
  "Faridkot",
  "Farrukhabad",
  "Fatehabad",
  "Fatehgarh Sahib",
  "Fatehpur",
  "Fazilka",
  "Ferozepur",
  "Firozabad",
  "Firozpur",
  "Gadag",
  "Gadag *",
  "Gadchiroli",
  "Gajapati",
  "Ganderbal",
  "Gandhinagar",
  "Ganganagar",
  "Ganjam",
  "Garhwa",
  "Garhwa *",
  "Garhwal",
  "Gariyaband",
  "Gaurela-pendra-marwahi",
  "Gaurella Pendra Marwahi",
  "Gautam Buddha Nagar",
  "Gaya",
  "Ghaziabad",
  "Ghazipur",
  "Gir Somnath",
  "Giridih",
  "Goalpara",
  "Godda",
  "Golaghat",
  "Gomati",
  "Gonda",
  "Gondia",
  "Gondiya",
  "Gondiya *",
  "Gopalganj",
  "Gorakhpur",
  "Gulbarga",
  "Gumla",
  "Guna",
  "Guntur",
  "Gurdaspur",
  "Gurgaon",
  "Gurugram",
  "Gwalior",
  "HOOGHLY",
  "HOWRAH",
  "Hailakandi",
  "Hamirpur",
  "Hanumakonda",
  "Hanumangarh",
  "Haora",
  "Hapur",
  "Harda",
  "Harda *",
  "Hardoi",
  "Hardwar",
  "Haridwar",
  "Hasan",
  "Hassan",
  "Hathras",
  "Haveri",
  "Haveri *",
  "Hawrah",
  "Hazaribag",
  "Hazaribagh",
  "Hingoli",
  "Hingoli *",
  "Hisar",
  "Hnahthial",
  "Hojai",
  "Hooghiy",
  "Hooghly",
  "Hoshangabad",
  "Hoshiarpur",
  "Howrah",
  "Hugli",
  "Hyderabad",
  "Idukki",
  "Imphal East",
  "Imphal West",
  "Indore",
  "JAJPUR",
  "Jabalpur",
  "Jagatsinghapur",
  "Jagatsinghpur",
  "Jagitial",
  "Jaintia Hills",
  "Jaipur",
  "Jaisalmer",
  "Jajapur",
  "Jajapur  *",
  "Jajpur",
  "Jalandhar",
  "Jalaun",
  "Jalgaon",
  "Jalna",
  "Jalor",
  "Jalore",
  "Jalpaiguri",
  "Jammu",
  "Jamnagar",
  "Jamtara",
  "Jamui",
  "Jangaon",
  "Jangoan",
  "Janjgir - Champa",
  "Janjgir Champa",
  "Janjgir-champa",
  "Jashpur",
  "Jaunpur",
  "Jayashankar Bhupalpally",
  "Jehanabad",
  "Jhabua",
  "Jhajjar",
  "Jhajjar *",
  "Jhalawar",
  "Jhansi",
  "Jhargram",
  "Jharsuguda",
  "Jhunjhunu",
  "Jhunjhunun",
  "Jind",
  "Jiribam",
  "Jodhpur",
  "Jogulamba Gadwal",
  "Jorhat",
  "Junagadh",
  "Jyotiba Phule Nagar",
  "K.V.Rangareddy",
  "K.v. Rangareddy",
  "KOLKATA",
  "Kabeerdham",
  "Kachchh",
  "Kaimur (Bhabua)",
  "Kaithal",
  "Kakching",
  "Kakinada",
  "Kalaburagi",
  "Kalahandi",
  "Kalimpong",
  "Kallakurichi",
  "Kamareddy",
  "Kamle",
  "Kamrup",
  "Kamrup Metro",
  "Kancheepuram",
  "Kanchipuram",
  "Kandhamal",
  "Kangra",
  "Kanker",
  "Kannauj",
  "Kanniyakumari",
  "Kannur",
  "Kanpur Dehat",
  "Kanpur Nagar",
  "Kanyakumari",
  "Kapurthala",
  "Karaikal",
  "Karauli",
  "Karbi Anglong",
  "Kargil",
  "Karim Nagar",
  "Karimganj",
  "Karimnagar",
  "Karnal",
  "Karur",
  "Kasaragod",
  "Kasargod",
  "Kasganj",
  "Kathua",
  "Katihar",
  "Katni",
  "Kaushambi",
  "Kawardha",
  "Kendrapara",
  "Kendujhar",
  "Khagaria",
  "Khairagarh Chhuikhadan Gandai",
  "Khairthal-Tijara",
  "Khammam",
  "Khandwa",
  "Khargone",
  "Khawzawl",
  "Kheda",
  "Kheri",
  "Khorda",
  "Khordha",
  "Khowai",
  "Khunti",
  "Kinnaur",
  "Kiphire",
  "Kishanganj",
  "Kishtwar",
  "Koch Bihar",
  "Kodagu",
  "Kodarma",
  "Koderma",
  "Kohima",
  "Kokrajhar",
  "Kolar",
  "Kolasib",
  "Kolhapur",
  "Kolkata",
  "Kollam",
  "Komaram Bheem",
  "Kondagaon",
  "Koppal",
  "Koraput",
  "Korba",
  "Koriya",
  "Kota",
  "Kotputli-Behror",
  "Kottayam",
  "Kozhikode",
  "Kra Daadi",
  "Krishna",
  "Krishnagiri",
  "Kulgam",
  "Kullu",
  "Kupwara",
  "Kurnool",
  "Kurukshetra",
  "Kurung Kumey",
  "Kushi Nagar",
  "Kushinagar",
  "Kushinagar *",
  "Lahaul and Spiti",
  "Lahul & Spiti",
  "Lahul and Spiti",
  "Lakhimpur",
  "Lakhisarai",
  "Lakshadweep",
  "Lalitpur",
  "Latehar",
  "Latur",
  "Lawngtlai",
  "Leh",
  "Leh (ladakh)",
  "Leparada",
  "Lohardaga",
  "Lohit",
  "Longding",
  "Longleng",
  "Lower Dibang Valley",
  "Lower Siang",
  "Lower Subansiri",
  "Lucknow",
  "Ludhiana",
  "Lunglei",
  "MALDA",
  "Madhepura",
  "Madhubani",
  "Madurai",
  "Mahabub Nagar",
  "Mahabubabad",
  "Mahabubnagar",
  "Maharajganj",
  "Mahasamund",
  "Mahbubnagar",
  "Mahendragarh",
  "Mahesana",
  "Mahisagar",
  "Mahoba",
  "Mahoba *",
  "Mahrajganj",
  "Maihar",
  "Mainpuri",
  "Majuli",
  "Malappuram",
  "Malda",
  "Maldah",
  "Malerkotla",
  "Malkangiri",
  "Mamit",
  "Mammit",
  "Mancherial",
  "Mandi",
  "Mandla",
  "Mandsaur",
  "Mandya",
  "ManendragarhChirmiriBharatpur",
  "Manendragarh–Chirmiri–Bharatpur",
  "Mangan",
  "Mansa",
  "Marigaon",
  "Mathura",
  "Mau",
  "Mauganj",
  "Mayiladuthurai",
  "Mayurbhanj",
  "Medak",
  "Medchal Malkajgiri",
  "Medchal-malkajgiri",
  "Medchal?malkajgiri",
  "Medchal−malkajgiri",
  "Medinipur",
  "Medinipur West",
  "Meerut",
  "Meluri",
  "Mewat",
  "Mirzapur",
  "Moga",
  "Mohali",
  "Mohalla-Manpur-Ambagarh Chowki",
  "Mohla-Manpur-Ambagarh Chouki",
  "Mokokchung",
  "Mon",
  "Monghyr",
  "Moradabad",
  "Morbi",
  "Morena",
  "Muktsar",
  "Mulugu",
  "Mumbai",
  "Mumbai City",
  "Mumbai Suburban",
  "Mumbai( Sub Urban )",
  "Mungeli",
  "Munger",
  "Murshidabad",
  "Muzaffarnagar",
  "Muzaffarpur",
  "Mysore",
  "Mysuru",
  "N. T. R",
  "NADIA",
  "NUAPADA",
  "Nabarangapur",
  "Nabarangpur",
  "Nadia",
  "Nagaon",
  "Nagapattinam",
  "Nagarkurnool",
  "Nagaur",
  "Nagpur",
  "Nainital",
  "Najafgarh",
  "Nalanda",
  "Nalbari",
  "Nalgonda",
  "Namakkal",
  "Namakkal   *",
  "Namchi",
  "Namsai",
  "Nanded",
  "Nandurbar",
  "Nandurbar *",
  "Nandyal",
  "Narayanpet",
  "Narayanpur",
  "Narmada",
  "Narmadapuram",
  "Narsimhapur",
  "Narsinghpur",
  "Nashik",
  "Navsari",
  "Nawada",
  "Nawanshahr",
  "Nayagarh",
  "Near University Thana",
  "Neemuch",
  "Nellore",
  "New Delhi",
  "Nicobar",
  "Nicobars",
  "Nirmal",
  "Niuland",
  "Niwari",
  "Nizamabad",
  "Noklak",
  "North",
  "North 24 Parganas",
  "North And Middle Andaman",
  "North Cachar Hills",
  "North Delhi",
  "North Dinajpur",
  "North East",
  "North East   *",
  "North East Delhi",
  "North Garo Hills",
  "North Goa",
  "North Sikkim",
  "North Tripura",
  "North Twenty Four Parganas",
  "North West Delhi",
  "Nuapada",
  "Nuh",
  "Osmanabad",
  "Pakaur",
  "Pakke Kessang",
  "Pakur",
  "Palakkad",
  "Palamau",
  "Palamu",
  "Palghar",
  "Pali",
  "Palnadu",
  "Palwal",
  "Panch Mahals",
  "Panchkula",
  "Panchmahals",
  "Pandhurna",
  "Panipat",
  "Panna",
  "Papum Pare",
  "Parbhani",
  "Parvathipuram Manyam",
  "Paschim Bardhaman",
  "Paschim Medinipur",
  "Pashchim Champaran",
  "Pashchimi Singhbhum",
  "Patan",
  "Pathanamthitta",
  "Pathankot",
  "Patiala",
  "Patna",
  "Pauri Garhwal",
  "Peddapalli",
  "Perambalur",
  "Peren",
  "Phalodi",
  "Phek",
  "Pherzawl",
  "Pilibhit",
  "Pithoragarh",
  "Pondicherry",
  "Porbandar",
  "Prakasam",
  "Pratapgarh",
  "Prayagraj",
  "Puducherry",
  "Pudukkottai",
  "Pulwama",
  "Punch",
  "Pune",
  "Purba Bardhaman",
  "Purba Champaran",
  "Purba Medinipur",
  "Purbi Champaran",
  "Purbi Singhbhum",
  "Puri",
  "Purnea",
  "Purnia",
  "Purulia",
  "Puruliya",
  "Rae Bareli",
  "Raebareli",
  "Raichur",
  "Raigad",
  "Raigarh",
  "Raigarh(MH)",
  "Raipur",
  "Raisen",
  "Rajanna Sircilla",
  "Rajauri",
  "Rajgarh",
  "Rajkot",
  "Rajnandgaon",
  "Rajouri",
  "Rajsamand",
  "Ramanagar",
  "Ramanagara",
  "Ramanathapuram",
  "Ramban",
  "Ramgarh",
  "Rampur",
  "Ranchi",
  "Ranga Reddy",
  "Rangareddi",
  "Rangareddy",
  "Ranipet",
  "Ratlam",
  "Ratnagiri",
  "Rayagada",
  "Reasi",
  "Rewa",
  "Rewari",
  "Ri Bhoi",
  "Rohtak",
  "Rohtas",
  "Rudraprayag",
  "Rupnagar",
  "S.A.S Nagar",
  "S.A.S Nagar(Mohali)",
  "SAS Nagar (Mohali)",
  "Sabar Kantha",
  "Sabarkantha",
  "Sagar",
  "Saharanpur",
  "Saharsa",
  "Sahebganj",
  "Sahibganj",
  "Saiha",
  "Saitual",
  "Sakti",
  "Salem",
  "Salumbar",
  "Samastipur",
  "Samba",
  "Sambalpur",
  "Sambhal",
  "Samstipur",
  "Sangareddy",
  "Sangli",
  "Sangrur",
  "Sant Kabir Nagar",
  "Sant Ravidas Nagar",
  "Sant Ravidas Nagar Bhadohi",
  "Saran",
  "Sarangarh-Bilaigarh",
  "Satara",
  "Satna",
  "Sawai Madhopur",
  "Sehore",
  "Senapati",
  "Seoni",
  "Sepahijala",
  "Seraikela-Kharsawan",
  "Seraikela-kharsawan",
  "Serchhip",
  "Shahdara",
  "Shahdol",
  "Shaheed Bhagat Singh Nagar",
  "Shahjahanpur",
  "Shajapur",
  "Shamator",
  "Shamli",
  "Sheikhpura",
  "Sheikpura",
  "Sheohar",
  "Sheopur",
  "Shi-yomi",
  "Shimla",
  "Shimoga",
  "Shivamogga",
  "Shivpuri",
  "Shopian",
  "Shravasti",
  "Shrawasti",
  "Shupiyan",
  "Siang",
  "Sibsagar",
  "Siddharth Nagar",
  "Siddharthnagar",
  "Siddipet",
  "Sidhi",
  "Sikar",
  "Simdega",
  "Sindhudurg",
  "Singrauli",
  "Sirmaur",
  "Sirohi",
  "Sirsa",
  "Sitamarhi",
  "Sitapur",
  "Sivaganga",
  "Sivasagar",
  "Siwan",
  "Solan",
  "Solapur",
  "Sonapur",
  "Sonbhadra",
  "Sonipat",
  "Sonitpur",
  "South",
  "South 24 Pargana",
  "South 24 Parganas",
  "South 24 pargana",
  "South 24 parganas",
  "South Andaman",
  "South Delhi",
  "South Dinajpur",
  "South DumDum(M)",
  "South East Delhi",
  "South Garo Hills",
  "South Goa",
  "South Salmara Mankachar",
  "South Sikkim",
  "South Tripura",
  "South Twenty Four Parganas",
  "South West Delhi",
  "South West Garo Hills",
  "South West Khasi Hills",
  "Spsr Nellore",
  "Sri Muktsar Sahib",
  "Sri Potti Sriramulu Nellore",
  "Sri Sathya Sai",
  "Sribhumi",
  "Srikakulam",
  "Srinagar",
  "Subarnapur",
  "Sukma",
  "Sultanpur",
  "Sundargarh",
  "Sundergarh",
  "Supaul",
  "Surajpur",
  "Surat",
  "Surendra Nagar",
  "Surendranagar",
  "Surguja",
  "Suryapet",
  "Tamenglong",
  "Tamulpur District",
  "Tapi",
  "Tarn Taran",
  "Tawang",
  "Tehri Garhwal",
  "Tenkasi",
  "Thane",
  "Thanjavur",
  "The Dangs",
  "The Nilgiris",
  "Theni",
  "Thiruvallur",
  "Thiruvananthapuram",
  "Thiruvarur",
  "Thoothukkudi",
  "Thoubal",
  "Thrissur",
  "Tikamgarh",
  "Tinsukia",
  "Tirap",
  "Tiruchirappalli",
  "Tirunelveli",
  "Tirupathur",
  "Tirupati",
  "Tirupattur",
  "Tiruppur",
  "Tiruvallur",
  "Tiruvannamalai",
  "Tiruvarur",
  "Tiswadi",
  "Tonk",
  "Tseminyu",
  "Tuensang",
  "Tumakuru",
  "Tumkur",
  "Tuticorin",
  "Udaipur",
  "Udalguri",
  "Udham Singh Nagar",
  "Udhampur",
  "Udupi",
  "Udupi *",
  "Ujjain",
  "Ukhrul",
  "Umaria",
  "Una",
  "Unakoti",
  "Unnao",
  "Upper Siang",
  "Upper Subansiri",
  "Uttar Bastar Kanker",
  "Uttar Dinajpur",
  "Uttara Kannada",
  "Uttarkashi",
  "Vadodara",
  "Vaishali",
  "Valsad",
  "Varanasi",
  "Vellore",
  "Vidisha",
  "Vijayanagara",
  "Vijayapura",
  "Vikarabad",
  "Villupuram",
  "Viluppuram",
  "Virudhunagar",
  "Visakhapatanam",
  "Visakhapatnam",
  "Vizianagaram",
  "Wanaparthy",
  "Warangal",
  "Warangal (urban)",
  "Warangal Rural",
  "Warangal Urban",
  "Wardha",
  "Washim",
  "Washim *",
  "Wayanad",
  "West",
  "West Champaran",
  "West Delhi",
  "West Garo Hills",
  "West Godavari",
  "West Jaintia Hills",
  "West Kameng",
  "West Karbi Anglong",
  "West Khasi Hills",
  "West Medinipur",
  "West Midnapore",
  "West Nimar",
  "West Siang",
  "West Sikkim",
  "West Singhbhum",
  "West Tripura",
  "Wokha",
  "Y. S. R",
  "Yadadri.",
  "Yadgir",
  "Yamuna Nagar",
  "Yamunanagar",
  "Yanam",
  "Yavatmal",
  "Zunheboto",
  "chittoor",
  "hooghly",
  "jajpur",
  "nadia",
  "rangareddi",
  "udhampur",
  "yadgir"
]